id	dilemma_key	option_key	value	target
#cdir_events_dilemma_option_junctions_tables;1;db/cdir_events_dilemma_option_junctions_tables/sm0_rd				
194501	sm0_rd_wh2_dlc09_sc_tmb_tomb_kings_1	VAR_CHANCE	100	default
194502	sm0_rd_wh2_dlc09_sc_tmb_tomb_kings_1	GEN_TARGET_NONE		default
194503	sm0_rd_wh2_dlc11_sc_cst_vampire_coast_1	VAR_CHANCE	100	default
194504	sm0_rd_wh2_dlc11_sc_cst_vampire_coast_1	GEN_TARGET_NONE		default
194505	sm0_rd_wh2_main_rogue_1	VAR_CHANCE	100	default
194506	sm0_rd_wh2_main_rogue_1	GEN_TARGET_NONE		default
194507	sm0_rd_wh2_main_rogue_chaos_1	VAR_CHANCE	100	default
194508	sm0_rd_wh2_main_rogue_chaos_1	GEN_TARGET_NONE		default
194509	sm0_rd_wh2_main_sc_def_dark_elves_1	VAR_CHANCE	100	default
194510	sm0_rd_wh2_main_sc_def_dark_elves_1	GEN_TARGET_NONE		default
194511	sm0_rd_wh2_main_sc_hef_high_elves_1	VAR_CHANCE	100	default
194512	sm0_rd_wh2_main_sc_hef_high_elves_1	GEN_TARGET_NONE		default
194513	sm0_rd_wh2_main_sc_lzd_lizardmen_1	VAR_CHANCE	100	default
194514	sm0_rd_wh2_main_sc_lzd_lizardmen_1	GEN_TARGET_NONE		default
194515	sm0_rd_wh2_main_sc_skv_skaven_1	VAR_CHANCE	100	default
194516	sm0_rd_wh2_main_sc_skv_skaven_1	GEN_TARGET_NONE		default
194517	sm0_rd_wh3_main_sc_cth_cathay_1	VAR_CHANCE	100	default
194518	sm0_rd_wh3_main_sc_cth_cathay_1	GEN_TARGET_NONE		default
194519	sm0_rd_wh3_main_sc_dae_daemons_1	VAR_CHANCE	100	default
194520	sm0_rd_wh3_main_sc_dae_daemons_1	GEN_TARGET_NONE		default
194521	sm0_rd_wh3_main_sc_kho_khorne_1	VAR_CHANCE	100	default
194522	sm0_rd_wh3_main_sc_kho_khorne_1	GEN_TARGET_NONE		default
194523	sm0_rd_wh3_main_sc_ksl_kislev_1	VAR_CHANCE	100	default
194524	sm0_rd_wh3_main_sc_ksl_kislev_1	GEN_TARGET_NONE		default
194525	sm0_rd_wh3_main_sc_nur_nurgle_1	VAR_CHANCE	100	default
194526	sm0_rd_wh3_main_sc_nur_nurgle_1	GEN_TARGET_NONE		default
194527	sm0_rd_wh3_main_sc_ogr_ogre_kingdoms_1	VAR_CHANCE	100	default
194528	sm0_rd_wh3_main_sc_ogr_ogre_kingdoms_1	GEN_TARGET_NONE		default
194529	sm0_rd_wh3_main_sc_sla_slaanesh_1	VAR_CHANCE	100	default
194530	sm0_rd_wh3_main_sc_sla_slaanesh_1	GEN_TARGET_NONE		default
194531	sm0_rd_wh3_main_sc_tze_tzeentch_1	VAR_CHANCE	100	default
194532	sm0_rd_wh3_main_sc_tze_tzeentch_1	GEN_TARGET_NONE		default
194533	sm0_rd_wh_dlc03_sc_bst_beastmen_1	VAR_CHANCE	100	default
194534	sm0_rd_wh_dlc03_sc_bst_beastmen_1	GEN_TARGET_NONE		default
194535	sm0_rd_wh_dlc05_sc_wef_wood_elves_1	VAR_CHANCE	100	default
194536	sm0_rd_wh_dlc05_sc_wef_wood_elves_1	GEN_TARGET_NONE		default
194537	sm0_rd_wh_dlc08_sc_nor_norsca_1	VAR_CHANCE	100	default
194538	sm0_rd_wh_dlc08_sc_nor_norsca_1	GEN_TARGET_NONE		default
194539	sm0_rd_wh_main_sc_brt_bretonnia_1	VAR_CHANCE	100	default
194540	sm0_rd_wh_main_sc_brt_bretonnia_1	GEN_TARGET_NONE		default
194541	sm0_rd_wh_main_sc_chs_chaos_1	VAR_CHANCE	100	default
194542	sm0_rd_wh_main_sc_chs_chaos_1	GEN_TARGET_NONE		default
194543	sm0_rd_wh_main_sc_dwf_dwarfs_1	VAR_CHANCE	100	default
194544	sm0_rd_wh_main_sc_dwf_dwarfs_1	GEN_TARGET_NONE		default
194545	sm0_rd_wh_main_sc_emp_empire_1	VAR_CHANCE	100	default
194546	sm0_rd_wh_main_sc_emp_empire_1	GEN_TARGET_NONE		default
194547	sm0_rd_wh_main_sc_grn_greenskins_1	VAR_CHANCE	100	default
194548	sm0_rd_wh_main_sc_grn_greenskins_1	GEN_TARGET_NONE		default
194549	sm0_rd_wh_main_sc_grn_savage_orcs_1	VAR_CHANCE	100	default
194550	sm0_rd_wh_main_sc_grn_savage_orcs_1	GEN_TARGET_NONE		default
194551	sm0_rd_wh_main_sc_teb_teb_1	VAR_CHANCE	100	default
194552	sm0_rd_wh_main_sc_teb_teb_1	GEN_TARGET_NONE		default
194553	sm0_rd_wh_main_sc_vmp_vampire_counts_1	VAR_CHANCE	100	default
194554	sm0_rd_wh_main_sc_vmp_vampire_counts_1	GEN_TARGET_NONE		default
194555	sm0_rd_wh2_dlc09_sc_tmb_tomb_kings_2	VAR_CHANCE	100	default
194556	sm0_rd_wh2_dlc09_sc_tmb_tomb_kings_2	GEN_TARGET_NONE		default
194557	sm0_rd_wh2_dlc11_sc_cst_vampire_coast_2	VAR_CHANCE	100	default
194558	sm0_rd_wh2_dlc11_sc_cst_vampire_coast_2	GEN_TARGET_NONE		default
194559	sm0_rd_wh2_main_rogue_2	VAR_CHANCE	100	default
194560	sm0_rd_wh2_main_rogue_2	GEN_TARGET_NONE		default
194561	sm0_rd_wh2_main_rogue_chaos_2	VAR_CHANCE	100	default
194562	sm0_rd_wh2_main_rogue_chaos_2	GEN_TARGET_NONE		default
194563	sm0_rd_wh2_main_sc_def_dark_elves_2	VAR_CHANCE	100	default
194564	sm0_rd_wh2_main_sc_def_dark_elves_2	GEN_TARGET_NONE		default
194565	sm0_rd_wh2_main_sc_hef_high_elves_2	VAR_CHANCE	100	default
194566	sm0_rd_wh2_main_sc_hef_high_elves_2	GEN_TARGET_NONE		default
194567	sm0_rd_wh2_main_sc_lzd_lizardmen_2	VAR_CHANCE	100	default
194568	sm0_rd_wh2_main_sc_lzd_lizardmen_2	GEN_TARGET_NONE		default
194569	sm0_rd_wh2_main_sc_skv_skaven_2	VAR_CHANCE	100	default
194570	sm0_rd_wh2_main_sc_skv_skaven_2	GEN_TARGET_NONE		default
194571	sm0_rd_wh3_main_sc_cth_cathay_2	VAR_CHANCE	100	default
194572	sm0_rd_wh3_main_sc_cth_cathay_2	GEN_TARGET_NONE		default
194573	sm0_rd_wh3_main_sc_dae_daemons_2	VAR_CHANCE	100	default
194574	sm0_rd_wh3_main_sc_dae_daemons_2	GEN_TARGET_NONE		default
194575	sm0_rd_wh3_main_sc_kho_khorne_2	VAR_CHANCE	100	default
194576	sm0_rd_wh3_main_sc_kho_khorne_2	GEN_TARGET_NONE		default
194577	sm0_rd_wh3_main_sc_ksl_kislev_2	VAR_CHANCE	100	default
194578	sm0_rd_wh3_main_sc_ksl_kislev_2	GEN_TARGET_NONE		default
194579	sm0_rd_wh3_main_sc_nur_nurgle_2	VAR_CHANCE	100	default
194580	sm0_rd_wh3_main_sc_nur_nurgle_2	GEN_TARGET_NONE		default
194581	sm0_rd_wh3_main_sc_ogr_ogre_kingdoms_2	VAR_CHANCE	100	default
194582	sm0_rd_wh3_main_sc_ogr_ogre_kingdoms_2	GEN_TARGET_NONE		default
194583	sm0_rd_wh3_main_sc_sla_slaanesh_2	VAR_CHANCE	100	default
194584	sm0_rd_wh3_main_sc_sla_slaanesh_2	GEN_TARGET_NONE		default
194585	sm0_rd_wh3_main_sc_tze_tzeentch_2	VAR_CHANCE	100	default
194586	sm0_rd_wh3_main_sc_tze_tzeentch_2	GEN_TARGET_NONE		default
194587	sm0_rd_wh_dlc03_sc_bst_beastmen_2	VAR_CHANCE	100	default
194588	sm0_rd_wh_dlc03_sc_bst_beastmen_2	GEN_TARGET_NONE		default
194589	sm0_rd_wh_dlc05_sc_wef_wood_elves_2	VAR_CHANCE	100	default
194590	sm0_rd_wh_dlc05_sc_wef_wood_elves_2	GEN_TARGET_NONE		default
194591	sm0_rd_wh_dlc08_sc_nor_norsca_2	VAR_CHANCE	100	default
194592	sm0_rd_wh_dlc08_sc_nor_norsca_2	GEN_TARGET_NONE		default
194593	sm0_rd_wh_main_sc_brt_bretonnia_2	VAR_CHANCE	100	default
194594	sm0_rd_wh_main_sc_brt_bretonnia_2	GEN_TARGET_NONE		default
194595	sm0_rd_wh_main_sc_chs_chaos_2	VAR_CHANCE	100	default
194596	sm0_rd_wh_main_sc_chs_chaos_2	GEN_TARGET_NONE		default
194597	sm0_rd_wh_main_sc_dwf_dwarfs_2	VAR_CHANCE	100	default
194598	sm0_rd_wh_main_sc_dwf_dwarfs_2	GEN_TARGET_NONE		default
194599	sm0_rd_wh_main_sc_emp_empire_2	VAR_CHANCE	100	default
194600	sm0_rd_wh_main_sc_emp_empire_2	GEN_TARGET_NONE		default
194601	sm0_rd_wh_main_sc_grn_greenskins_2	VAR_CHANCE	100	default
194602	sm0_rd_wh_main_sc_grn_greenskins_2	GEN_TARGET_NONE		default
194603	sm0_rd_wh_main_sc_grn_savage_orcs_2	VAR_CHANCE	100	default
194604	sm0_rd_wh_main_sc_grn_savage_orcs_2	GEN_TARGET_NONE		default
194605	sm0_rd_wh_main_sc_teb_teb_2	VAR_CHANCE	100	default
194606	sm0_rd_wh_main_sc_teb_teb_2	GEN_TARGET_NONE		default
194607	sm0_rd_wh_main_sc_vmp_vampire_counts_2	VAR_CHANCE	100	default
194608	sm0_rd_wh_main_sc_vmp_vampire_counts_2	GEN_TARGET_NONE		default
194609	sm0_rd_wh2_dlc09_sc_tmb_tomb_kings_3	VAR_CHANCE	100	default
194610	sm0_rd_wh2_dlc09_sc_tmb_tomb_kings_3	GEN_TARGET_NONE		default
194611	sm0_rd_wh2_dlc11_sc_cst_vampire_coast_3	VAR_CHANCE	100	default
194612	sm0_rd_wh2_dlc11_sc_cst_vampire_coast_3	GEN_TARGET_NONE		default
194613	sm0_rd_wh2_main_rogue_3	VAR_CHANCE	100	default
194614	sm0_rd_wh2_main_rogue_3	GEN_TARGET_NONE		default
194615	sm0_rd_wh2_main_rogue_chaos_3	VAR_CHANCE	100	default
194616	sm0_rd_wh2_main_rogue_chaos_3	GEN_TARGET_NONE		default
194617	sm0_rd_wh2_main_sc_def_dark_elves_3	VAR_CHANCE	100	default
194618	sm0_rd_wh2_main_sc_def_dark_elves_3	GEN_TARGET_NONE		default
194619	sm0_rd_wh2_main_sc_hef_high_elves_3	VAR_CHANCE	100	default
194620	sm0_rd_wh2_main_sc_hef_high_elves_3	GEN_TARGET_NONE		default
194621	sm0_rd_wh2_main_sc_lzd_lizardmen_3	VAR_CHANCE	100	default
194622	sm0_rd_wh2_main_sc_lzd_lizardmen_3	GEN_TARGET_NONE		default
194623	sm0_rd_wh2_main_sc_skv_skaven_3	VAR_CHANCE	100	default
194624	sm0_rd_wh2_main_sc_skv_skaven_3	GEN_TARGET_NONE		default
194625	sm0_rd_wh3_main_sc_cth_cathay_3	VAR_CHANCE	100	default
194626	sm0_rd_wh3_main_sc_cth_cathay_3	GEN_TARGET_NONE		default
194627	sm0_rd_wh3_main_sc_dae_daemons_3	VAR_CHANCE	100	default
194628	sm0_rd_wh3_main_sc_dae_daemons_3	GEN_TARGET_NONE		default
194629	sm0_rd_wh3_main_sc_kho_khorne_3	VAR_CHANCE	100	default
194630	sm0_rd_wh3_main_sc_kho_khorne_3	GEN_TARGET_NONE		default
194631	sm0_rd_wh3_main_sc_ksl_kislev_3	VAR_CHANCE	100	default
194632	sm0_rd_wh3_main_sc_ksl_kislev_3	GEN_TARGET_NONE		default
194633	sm0_rd_wh3_main_sc_nur_nurgle_3	VAR_CHANCE	100	default
194634	sm0_rd_wh3_main_sc_nur_nurgle_3	GEN_TARGET_NONE		default
194635	sm0_rd_wh3_main_sc_ogr_ogre_kingdoms_3	VAR_CHANCE	100	default
194636	sm0_rd_wh3_main_sc_ogr_ogre_kingdoms_3	GEN_TARGET_NONE		default
194637	sm0_rd_wh3_main_sc_sla_slaanesh_3	VAR_CHANCE	100	default
194638	sm0_rd_wh3_main_sc_sla_slaanesh_3	GEN_TARGET_NONE		default
194639	sm0_rd_wh3_main_sc_tze_tzeentch_3	VAR_CHANCE	100	default
194640	sm0_rd_wh3_main_sc_tze_tzeentch_3	GEN_TARGET_NONE		default
194641	sm0_rd_wh_dlc03_sc_bst_beastmen_3	VAR_CHANCE	100	default
194642	sm0_rd_wh_dlc03_sc_bst_beastmen_3	GEN_TARGET_NONE		default
194643	sm0_rd_wh_dlc05_sc_wef_wood_elves_3	VAR_CHANCE	100	default
194644	sm0_rd_wh_dlc05_sc_wef_wood_elves_3	GEN_TARGET_NONE		default
194645	sm0_rd_wh_dlc08_sc_nor_norsca_3	VAR_CHANCE	100	default
194646	sm0_rd_wh_dlc08_sc_nor_norsca_3	GEN_TARGET_NONE		default
194647	sm0_rd_wh_main_sc_brt_bretonnia_3	VAR_CHANCE	100	default
194648	sm0_rd_wh_main_sc_brt_bretonnia_3	GEN_TARGET_NONE		default
194649	sm0_rd_wh_main_sc_chs_chaos_3	VAR_CHANCE	100	default
194650	sm0_rd_wh_main_sc_chs_chaos_3	GEN_TARGET_NONE		default
194651	sm0_rd_wh_main_sc_dwf_dwarfs_3	VAR_CHANCE	100	default
194652	sm0_rd_wh_main_sc_dwf_dwarfs_3	GEN_TARGET_NONE		default
194653	sm0_rd_wh_main_sc_emp_empire_3	VAR_CHANCE	100	default
194654	sm0_rd_wh_main_sc_emp_empire_3	GEN_TARGET_NONE		default
194655	sm0_rd_wh_main_sc_grn_greenskins_3	VAR_CHANCE	100	default
194656	sm0_rd_wh_main_sc_grn_greenskins_3	GEN_TARGET_NONE		default
194657	sm0_rd_wh_main_sc_grn_savage_orcs_3	VAR_CHANCE	100	default
194658	sm0_rd_wh_main_sc_grn_savage_orcs_3	GEN_TARGET_NONE		default
194659	sm0_rd_wh_main_sc_teb_teb_3	VAR_CHANCE	100	default
194660	sm0_rd_wh_main_sc_teb_teb_3	GEN_TARGET_NONE		default
194661	sm0_rd_wh_main_sc_vmp_vampire_counts_3	VAR_CHANCE	100	default
194662	sm0_rd_wh_main_sc_vmp_vampire_counts_3	GEN_TARGET_NONE		default
194663	sm0_rd_wh2_dlc09_sc_tmb_tomb_kings_4	VAR_CHANCE	100	default
194664	sm0_rd_wh2_dlc09_sc_tmb_tomb_kings_4	GEN_TARGET_NONE		default
194665	sm0_rd_wh2_dlc11_sc_cst_vampire_coast_4	VAR_CHANCE	100	default
194666	sm0_rd_wh2_dlc11_sc_cst_vampire_coast_4	GEN_TARGET_NONE		default
194667	sm0_rd_wh2_main_rogue_4	VAR_CHANCE	100	default
194668	sm0_rd_wh2_main_rogue_4	GEN_TARGET_NONE		default
194669	sm0_rd_wh2_main_rogue_chaos_4	VAR_CHANCE	100	default
194670	sm0_rd_wh2_main_rogue_chaos_4	GEN_TARGET_NONE		default
194671	sm0_rd_wh2_main_sc_def_dark_elves_4	VAR_CHANCE	100	default
194672	sm0_rd_wh2_main_sc_def_dark_elves_4	GEN_TARGET_NONE		default
194673	sm0_rd_wh2_main_sc_hef_high_elves_4	VAR_CHANCE	100	default
194674	sm0_rd_wh2_main_sc_hef_high_elves_4	GEN_TARGET_NONE		default
194675	sm0_rd_wh2_main_sc_lzd_lizardmen_4	VAR_CHANCE	100	default
194676	sm0_rd_wh2_main_sc_lzd_lizardmen_4	GEN_TARGET_NONE		default
194677	sm0_rd_wh2_main_sc_skv_skaven_4	VAR_CHANCE	100	default
194678	sm0_rd_wh2_main_sc_skv_skaven_4	GEN_TARGET_NONE		default
194679	sm0_rd_wh3_main_sc_cth_cathay_4	VAR_CHANCE	100	default
194680	sm0_rd_wh3_main_sc_cth_cathay_4	GEN_TARGET_NONE		default
194681	sm0_rd_wh3_main_sc_dae_daemons_4	VAR_CHANCE	100	default
194682	sm0_rd_wh3_main_sc_dae_daemons_4	GEN_TARGET_NONE		default
194683	sm0_rd_wh3_main_sc_kho_khorne_4	VAR_CHANCE	100	default
194684	sm0_rd_wh3_main_sc_kho_khorne_4	GEN_TARGET_NONE		default
194685	sm0_rd_wh3_main_sc_ksl_kislev_4	VAR_CHANCE	100	default
194686	sm0_rd_wh3_main_sc_ksl_kislev_4	GEN_TARGET_NONE		default
194687	sm0_rd_wh3_main_sc_nur_nurgle_4	VAR_CHANCE	100	default
194688	sm0_rd_wh3_main_sc_nur_nurgle_4	GEN_TARGET_NONE		default
194689	sm0_rd_wh3_main_sc_ogr_ogre_kingdoms_4	VAR_CHANCE	100	default
194690	sm0_rd_wh3_main_sc_ogr_ogre_kingdoms_4	GEN_TARGET_NONE		default
194691	sm0_rd_wh3_main_sc_sla_slaanesh_4	VAR_CHANCE	100	default
194692	sm0_rd_wh3_main_sc_sla_slaanesh_4	GEN_TARGET_NONE		default
194693	sm0_rd_wh3_main_sc_tze_tzeentch_4	VAR_CHANCE	100	default
194694	sm0_rd_wh3_main_sc_tze_tzeentch_4	GEN_TARGET_NONE		default
194695	sm0_rd_wh_dlc03_sc_bst_beastmen_4	VAR_CHANCE	100	default
194696	sm0_rd_wh_dlc03_sc_bst_beastmen_4	GEN_TARGET_NONE		default
194697	sm0_rd_wh_dlc05_sc_wef_wood_elves_4	VAR_CHANCE	100	default
194698	sm0_rd_wh_dlc05_sc_wef_wood_elves_4	GEN_TARGET_NONE		default
194699	sm0_rd_wh_dlc08_sc_nor_norsca_4	VAR_CHANCE	100	default
194700	sm0_rd_wh_dlc08_sc_nor_norsca_4	GEN_TARGET_NONE		default
194701	sm0_rd_wh_main_sc_brt_bretonnia_4	VAR_CHANCE	100	default
194702	sm0_rd_wh_main_sc_brt_bretonnia_4	GEN_TARGET_NONE		default
194703	sm0_rd_wh_main_sc_chs_chaos_4	VAR_CHANCE	100	default
194704	sm0_rd_wh_main_sc_chs_chaos_4	GEN_TARGET_NONE		default
194705	sm0_rd_wh_main_sc_dwf_dwarfs_4	VAR_CHANCE	100	default
194706	sm0_rd_wh_main_sc_dwf_dwarfs_4	GEN_TARGET_NONE		default
194707	sm0_rd_wh_main_sc_emp_empire_4	VAR_CHANCE	100	default
194708	sm0_rd_wh_main_sc_emp_empire_4	GEN_TARGET_NONE		default
194709	sm0_rd_wh_main_sc_grn_greenskins_4	VAR_CHANCE	100	default
194710	sm0_rd_wh_main_sc_grn_greenskins_4	GEN_TARGET_NONE		default
194711	sm0_rd_wh_main_sc_grn_savage_orcs_4	VAR_CHANCE	100	default
194712	sm0_rd_wh_main_sc_grn_savage_orcs_4	GEN_TARGET_NONE		default
194713	sm0_rd_wh_main_sc_teb_teb_4	VAR_CHANCE	100	default
194714	sm0_rd_wh_main_sc_teb_teb_4	GEN_TARGET_NONE		default
194715	sm0_rd_wh_main_sc_vmp_vampire_counts_4	VAR_CHANCE	100	default
194716	sm0_rd_wh_main_sc_vmp_vampire_counts_4	GEN_TARGET_NONE		default
194717	sm0_rd_wh2_dlc09_sc_tmb_tomb_kings_5	VAR_CHANCE	100	default
194718	sm0_rd_wh2_dlc09_sc_tmb_tomb_kings_5	GEN_TARGET_NONE		default
194719	sm0_rd_wh2_dlc11_sc_cst_vampire_coast_5	VAR_CHANCE	100	default
194720	sm0_rd_wh2_dlc11_sc_cst_vampire_coast_5	GEN_TARGET_NONE		default
194721	sm0_rd_wh2_main_rogue_5	VAR_CHANCE	100	default
194722	sm0_rd_wh2_main_rogue_5	GEN_TARGET_NONE		default
194723	sm0_rd_wh2_main_rogue_chaos_5	VAR_CHANCE	100	default
194724	sm0_rd_wh2_main_rogue_chaos_5	GEN_TARGET_NONE		default
194725	sm0_rd_wh2_main_sc_def_dark_elves_5	VAR_CHANCE	100	default
194726	sm0_rd_wh2_main_sc_def_dark_elves_5	GEN_TARGET_NONE		default
194727	sm0_rd_wh2_main_sc_hef_high_elves_5	VAR_CHANCE	100	default
194728	sm0_rd_wh2_main_sc_hef_high_elves_5	GEN_TARGET_NONE		default
194729	sm0_rd_wh2_main_sc_lzd_lizardmen_5	VAR_CHANCE	100	default
194730	sm0_rd_wh2_main_sc_lzd_lizardmen_5	GEN_TARGET_NONE		default
194731	sm0_rd_wh2_main_sc_skv_skaven_5	VAR_CHANCE	100	default
194732	sm0_rd_wh2_main_sc_skv_skaven_5	GEN_TARGET_NONE		default
194733	sm0_rd_wh3_main_sc_cth_cathay_5	VAR_CHANCE	100	default
194734	sm0_rd_wh3_main_sc_cth_cathay_5	GEN_TARGET_NONE		default
194735	sm0_rd_wh3_main_sc_dae_daemons_5	VAR_CHANCE	100	default
194736	sm0_rd_wh3_main_sc_dae_daemons_5	GEN_TARGET_NONE		default
194737	sm0_rd_wh3_main_sc_kho_khorne_5	VAR_CHANCE	100	default
194738	sm0_rd_wh3_main_sc_kho_khorne_5	GEN_TARGET_NONE		default
194739	sm0_rd_wh3_main_sc_ksl_kislev_5	VAR_CHANCE	100	default
194740	sm0_rd_wh3_main_sc_ksl_kislev_5	GEN_TARGET_NONE		default
194741	sm0_rd_wh3_main_sc_nur_nurgle_5	VAR_CHANCE	100	default
194742	sm0_rd_wh3_main_sc_nur_nurgle_5	GEN_TARGET_NONE		default
194743	sm0_rd_wh3_main_sc_ogr_ogre_kingdoms_5	VAR_CHANCE	100	default
194744	sm0_rd_wh3_main_sc_ogr_ogre_kingdoms_5	GEN_TARGET_NONE		default
194745	sm0_rd_wh3_main_sc_sla_slaanesh_5	VAR_CHANCE	100	default
194746	sm0_rd_wh3_main_sc_sla_slaanesh_5	GEN_TARGET_NONE		default
194747	sm0_rd_wh3_main_sc_tze_tzeentch_5	VAR_CHANCE	100	default
194748	sm0_rd_wh3_main_sc_tze_tzeentch_5	GEN_TARGET_NONE		default
194749	sm0_rd_wh_dlc03_sc_bst_beastmen_5	VAR_CHANCE	100	default
194750	sm0_rd_wh_dlc03_sc_bst_beastmen_5	GEN_TARGET_NONE		default
194751	sm0_rd_wh_dlc05_sc_wef_wood_elves_5	VAR_CHANCE	100	default
194752	sm0_rd_wh_dlc05_sc_wef_wood_elves_5	GEN_TARGET_NONE		default
194753	sm0_rd_wh_dlc08_sc_nor_norsca_5	VAR_CHANCE	100	default
194754	sm0_rd_wh_dlc08_sc_nor_norsca_5	GEN_TARGET_NONE		default
194755	sm0_rd_wh_main_sc_brt_bretonnia_5	VAR_CHANCE	100	default
194756	sm0_rd_wh_main_sc_brt_bretonnia_5	GEN_TARGET_NONE		default
194757	sm0_rd_wh_main_sc_chs_chaos_5	VAR_CHANCE	100	default
194758	sm0_rd_wh_main_sc_chs_chaos_5	GEN_TARGET_NONE		default
194759	sm0_rd_wh_main_sc_dwf_dwarfs_5	VAR_CHANCE	100	default
194760	sm0_rd_wh_main_sc_dwf_dwarfs_5	GEN_TARGET_NONE		default
194761	sm0_rd_wh_main_sc_emp_empire_5	VAR_CHANCE	100	default
194762	sm0_rd_wh_main_sc_emp_empire_5	GEN_TARGET_NONE		default
194763	sm0_rd_wh_main_sc_grn_greenskins_5	VAR_CHANCE	100	default
194764	sm0_rd_wh_main_sc_grn_greenskins_5	GEN_TARGET_NONE		default
194765	sm0_rd_wh_main_sc_grn_savage_orcs_5	VAR_CHANCE	100	default
194766	sm0_rd_wh_main_sc_grn_savage_orcs_5	GEN_TARGET_NONE		default
194767	sm0_rd_wh_main_sc_teb_teb_5	VAR_CHANCE	100	default
194768	sm0_rd_wh_main_sc_teb_teb_5	GEN_TARGET_NONE		default
194769	sm0_rd_wh_main_sc_vmp_vampire_counts_5	VAR_CHANCE	100	default
194770	sm0_rd_wh_main_sc_vmp_vampire_counts_5	GEN_TARGET_NONE		default
194771	sm0_rd_wh2_dlc09_sc_tmb_tomb_kings_6	VAR_CHANCE	100	default
194772	sm0_rd_wh2_dlc09_sc_tmb_tomb_kings_6	GEN_TARGET_NONE		default
194773	sm0_rd_wh2_dlc11_sc_cst_vampire_coast_6	VAR_CHANCE	100	default
194774	sm0_rd_wh2_dlc11_sc_cst_vampire_coast_6	GEN_TARGET_NONE		default
194775	sm0_rd_wh2_main_rogue_6	VAR_CHANCE	100	default
194776	sm0_rd_wh2_main_rogue_6	GEN_TARGET_NONE		default
194777	sm0_rd_wh2_main_rogue_chaos_6	VAR_CHANCE	100	default
194778	sm0_rd_wh2_main_rogue_chaos_6	GEN_TARGET_NONE		default
194779	sm0_rd_wh2_main_sc_def_dark_elves_6	VAR_CHANCE	100	default
194780	sm0_rd_wh2_main_sc_def_dark_elves_6	GEN_TARGET_NONE		default
194781	sm0_rd_wh2_main_sc_hef_high_elves_6	VAR_CHANCE	100	default
194782	sm0_rd_wh2_main_sc_hef_high_elves_6	GEN_TARGET_NONE		default
194783	sm0_rd_wh2_main_sc_lzd_lizardmen_6	VAR_CHANCE	100	default
194784	sm0_rd_wh2_main_sc_lzd_lizardmen_6	GEN_TARGET_NONE		default
194785	sm0_rd_wh2_main_sc_skv_skaven_6	VAR_CHANCE	100	default
194786	sm0_rd_wh2_main_sc_skv_skaven_6	GEN_TARGET_NONE		default
194787	sm0_rd_wh3_main_sc_cth_cathay_6	VAR_CHANCE	100	default
194788	sm0_rd_wh3_main_sc_cth_cathay_6	GEN_TARGET_NONE		default
194789	sm0_rd_wh3_main_sc_dae_daemons_6	VAR_CHANCE	100	default
194790	sm0_rd_wh3_main_sc_dae_daemons_6	GEN_TARGET_NONE		default
194791	sm0_rd_wh3_main_sc_kho_khorne_6	VAR_CHANCE	100	default
194792	sm0_rd_wh3_main_sc_kho_khorne_6	GEN_TARGET_NONE		default
194793	sm0_rd_wh3_main_sc_ksl_kislev_6	VAR_CHANCE	100	default
194794	sm0_rd_wh3_main_sc_ksl_kislev_6	GEN_TARGET_NONE		default
194795	sm0_rd_wh3_main_sc_nur_nurgle_6	VAR_CHANCE	100	default
194796	sm0_rd_wh3_main_sc_nur_nurgle_6	GEN_TARGET_NONE		default
194797	sm0_rd_wh3_main_sc_ogr_ogre_kingdoms_6	VAR_CHANCE	100	default
194798	sm0_rd_wh3_main_sc_ogr_ogre_kingdoms_6	GEN_TARGET_NONE		default
194799	sm0_rd_wh3_main_sc_sla_slaanesh_6	VAR_CHANCE	100	default
194800	sm0_rd_wh3_main_sc_sla_slaanesh_6	GEN_TARGET_NONE		default
194801	sm0_rd_wh3_main_sc_tze_tzeentch_6	VAR_CHANCE	100	default
194802	sm0_rd_wh3_main_sc_tze_tzeentch_6	GEN_TARGET_NONE		default
194803	sm0_rd_wh_dlc03_sc_bst_beastmen_6	VAR_CHANCE	100	default
194804	sm0_rd_wh_dlc03_sc_bst_beastmen_6	GEN_TARGET_NONE		default
194805	sm0_rd_wh_dlc05_sc_wef_wood_elves_6	VAR_CHANCE	100	default
194806	sm0_rd_wh_dlc05_sc_wef_wood_elves_6	GEN_TARGET_NONE		default
194807	sm0_rd_wh_dlc08_sc_nor_norsca_6	VAR_CHANCE	100	default
194808	sm0_rd_wh_dlc08_sc_nor_norsca_6	GEN_TARGET_NONE		default
194809	sm0_rd_wh_main_sc_brt_bretonnia_6	VAR_CHANCE	100	default
194810	sm0_rd_wh_main_sc_brt_bretonnia_6	GEN_TARGET_NONE		default
194811	sm0_rd_wh_main_sc_chs_chaos_6	VAR_CHANCE	100	default
194812	sm0_rd_wh_main_sc_chs_chaos_6	GEN_TARGET_NONE		default
194813	sm0_rd_wh_main_sc_dwf_dwarfs_6	VAR_CHANCE	100	default
194814	sm0_rd_wh_main_sc_dwf_dwarfs_6	GEN_TARGET_NONE		default
194815	sm0_rd_wh_main_sc_emp_empire_6	VAR_CHANCE	100	default
194816	sm0_rd_wh_main_sc_emp_empire_6	GEN_TARGET_NONE		default
194817	sm0_rd_wh_main_sc_grn_greenskins_6	VAR_CHANCE	100	default
194818	sm0_rd_wh_main_sc_grn_greenskins_6	GEN_TARGET_NONE		default
194819	sm0_rd_wh_main_sc_grn_savage_orcs_6	VAR_CHANCE	100	default
194820	sm0_rd_wh_main_sc_grn_savage_orcs_6	GEN_TARGET_NONE		default
194821	sm0_rd_wh_main_sc_teb_teb_6	VAR_CHANCE	100	default
194822	sm0_rd_wh_main_sc_teb_teb_6	GEN_TARGET_NONE		default
194823	sm0_rd_wh_main_sc_vmp_vampire_counts_6	VAR_CHANCE	100	default
194824	sm0_rd_wh_main_sc_vmp_vampire_counts_6	GEN_TARGET_NONE		default
194825	sm0_rd_wh2_dlc09_sc_tmb_tomb_kings_7	VAR_CHANCE	100	default
194826	sm0_rd_wh2_dlc09_sc_tmb_tomb_kings_7	GEN_TARGET_NONE		default
194827	sm0_rd_wh2_dlc11_sc_cst_vampire_coast_7	VAR_CHANCE	100	default
194828	sm0_rd_wh2_dlc11_sc_cst_vampire_coast_7	GEN_TARGET_NONE		default
194829	sm0_rd_wh2_main_rogue_7	VAR_CHANCE	100	default
194830	sm0_rd_wh2_main_rogue_7	GEN_TARGET_NONE		default
194831	sm0_rd_wh2_main_rogue_chaos_7	VAR_CHANCE	100	default
194832	sm0_rd_wh2_main_rogue_chaos_7	GEN_TARGET_NONE		default
194833	sm0_rd_wh2_main_sc_def_dark_elves_7	VAR_CHANCE	100	default
194834	sm0_rd_wh2_main_sc_def_dark_elves_7	GEN_TARGET_NONE		default
194835	sm0_rd_wh2_main_sc_hef_high_elves_7	VAR_CHANCE	100	default
194836	sm0_rd_wh2_main_sc_hef_high_elves_7	GEN_TARGET_NONE		default
194837	sm0_rd_wh2_main_sc_lzd_lizardmen_7	VAR_CHANCE	100	default
194838	sm0_rd_wh2_main_sc_lzd_lizardmen_7	GEN_TARGET_NONE		default
194839	sm0_rd_wh2_main_sc_skv_skaven_7	VAR_CHANCE	100	default
194840	sm0_rd_wh2_main_sc_skv_skaven_7	GEN_TARGET_NONE		default
194841	sm0_rd_wh3_main_sc_cth_cathay_7	VAR_CHANCE	100	default
194842	sm0_rd_wh3_main_sc_cth_cathay_7	GEN_TARGET_NONE		default
194843	sm0_rd_wh3_main_sc_dae_daemons_7	VAR_CHANCE	100	default
194844	sm0_rd_wh3_main_sc_dae_daemons_7	GEN_TARGET_NONE		default
194845	sm0_rd_wh3_main_sc_kho_khorne_7	VAR_CHANCE	100	default
194846	sm0_rd_wh3_main_sc_kho_khorne_7	GEN_TARGET_NONE		default
194847	sm0_rd_wh3_main_sc_ksl_kislev_7	VAR_CHANCE	100	default
194848	sm0_rd_wh3_main_sc_ksl_kislev_7	GEN_TARGET_NONE		default
194849	sm0_rd_wh3_main_sc_nur_nurgle_7	VAR_CHANCE	100	default
194850	sm0_rd_wh3_main_sc_nur_nurgle_7	GEN_TARGET_NONE		default
194851	sm0_rd_wh3_main_sc_ogr_ogre_kingdoms_7	VAR_CHANCE	100	default
194852	sm0_rd_wh3_main_sc_ogr_ogre_kingdoms_7	GEN_TARGET_NONE		default
194853	sm0_rd_wh3_main_sc_sla_slaanesh_7	VAR_CHANCE	100	default
194854	sm0_rd_wh3_main_sc_sla_slaanesh_7	GEN_TARGET_NONE		default
194855	sm0_rd_wh3_main_sc_tze_tzeentch_7	VAR_CHANCE	100	default
194856	sm0_rd_wh3_main_sc_tze_tzeentch_7	GEN_TARGET_NONE		default
194857	sm0_rd_wh_dlc03_sc_bst_beastmen_7	VAR_CHANCE	100	default
194858	sm0_rd_wh_dlc03_sc_bst_beastmen_7	GEN_TARGET_NONE		default
194859	sm0_rd_wh_dlc05_sc_wef_wood_elves_7	VAR_CHANCE	100	default
194860	sm0_rd_wh_dlc05_sc_wef_wood_elves_7	GEN_TARGET_NONE		default
194861	sm0_rd_wh_dlc08_sc_nor_norsca_7	VAR_CHANCE	100	default
194862	sm0_rd_wh_dlc08_sc_nor_norsca_7	GEN_TARGET_NONE		default
194863	sm0_rd_wh_main_sc_brt_bretonnia_7	VAR_CHANCE	100	default
194864	sm0_rd_wh_main_sc_brt_bretonnia_7	GEN_TARGET_NONE		default
194865	sm0_rd_wh_main_sc_chs_chaos_7	VAR_CHANCE	100	default
194866	sm0_rd_wh_main_sc_chs_chaos_7	GEN_TARGET_NONE		default
194867	sm0_rd_wh_main_sc_dwf_dwarfs_7	VAR_CHANCE	100	default
194868	sm0_rd_wh_main_sc_dwf_dwarfs_7	GEN_TARGET_NONE		default
194869	sm0_rd_wh_main_sc_emp_empire_7	VAR_CHANCE	100	default
194870	sm0_rd_wh_main_sc_emp_empire_7	GEN_TARGET_NONE		default
194871	sm0_rd_wh_main_sc_grn_greenskins_7	VAR_CHANCE	100	default
194872	sm0_rd_wh_main_sc_grn_greenskins_7	GEN_TARGET_NONE		default
194873	sm0_rd_wh_main_sc_grn_savage_orcs_7	VAR_CHANCE	100	default
194874	sm0_rd_wh_main_sc_grn_savage_orcs_7	GEN_TARGET_NONE		default
194875	sm0_rd_wh_main_sc_teb_teb_7	VAR_CHANCE	100	default
194876	sm0_rd_wh_main_sc_teb_teb_7	GEN_TARGET_NONE		default
194877	sm0_rd_wh_main_sc_vmp_vampire_counts_7	VAR_CHANCE	100	default
194878	sm0_rd_wh_main_sc_vmp_vampire_counts_7	GEN_TARGET_NONE		default
194879	sm0_rd_wh2_dlc09_sc_tmb_tomb_kings_8	VAR_CHANCE	100	default
194880	sm0_rd_wh2_dlc09_sc_tmb_tomb_kings_8	GEN_TARGET_NONE		default
194881	sm0_rd_wh2_dlc11_sc_cst_vampire_coast_8	VAR_CHANCE	100	default
194882	sm0_rd_wh2_dlc11_sc_cst_vampire_coast_8	GEN_TARGET_NONE		default
194883	sm0_rd_wh2_main_rogue_8	VAR_CHANCE	100	default
194884	sm0_rd_wh2_main_rogue_8	GEN_TARGET_NONE		default
194885	sm0_rd_wh2_main_rogue_chaos_8	VAR_CHANCE	100	default
194886	sm0_rd_wh2_main_rogue_chaos_8	GEN_TARGET_NONE		default
194887	sm0_rd_wh2_main_sc_def_dark_elves_8	VAR_CHANCE	100	default
194888	sm0_rd_wh2_main_sc_def_dark_elves_8	GEN_TARGET_NONE		default
194889	sm0_rd_wh2_main_sc_hef_high_elves_8	VAR_CHANCE	100	default
194890	sm0_rd_wh2_main_sc_hef_high_elves_8	GEN_TARGET_NONE		default
194891	sm0_rd_wh2_main_sc_lzd_lizardmen_8	VAR_CHANCE	100	default
194892	sm0_rd_wh2_main_sc_lzd_lizardmen_8	GEN_TARGET_NONE		default
194893	sm0_rd_wh2_main_sc_skv_skaven_8	VAR_CHANCE	100	default
194894	sm0_rd_wh2_main_sc_skv_skaven_8	GEN_TARGET_NONE		default
194895	sm0_rd_wh3_main_sc_cth_cathay_8	VAR_CHANCE	100	default
194896	sm0_rd_wh3_main_sc_cth_cathay_8	GEN_TARGET_NONE		default
194897	sm0_rd_wh3_main_sc_dae_daemons_8	VAR_CHANCE	100	default
194898	sm0_rd_wh3_main_sc_dae_daemons_8	GEN_TARGET_NONE		default
194899	sm0_rd_wh3_main_sc_kho_khorne_8	VAR_CHANCE	100	default
194900	sm0_rd_wh3_main_sc_kho_khorne_8	GEN_TARGET_NONE		default
194901	sm0_rd_wh3_main_sc_ksl_kislev_8	VAR_CHANCE	100	default
194902	sm0_rd_wh3_main_sc_ksl_kislev_8	GEN_TARGET_NONE		default
194903	sm0_rd_wh3_main_sc_nur_nurgle_8	VAR_CHANCE	100	default
194904	sm0_rd_wh3_main_sc_nur_nurgle_8	GEN_TARGET_NONE		default
194905	sm0_rd_wh3_main_sc_ogr_ogre_kingdoms_8	VAR_CHANCE	100	default
194906	sm0_rd_wh3_main_sc_ogr_ogre_kingdoms_8	GEN_TARGET_NONE		default
194907	sm0_rd_wh3_main_sc_sla_slaanesh_8	VAR_CHANCE	100	default
194908	sm0_rd_wh3_main_sc_sla_slaanesh_8	GEN_TARGET_NONE		default
194909	sm0_rd_wh3_main_sc_tze_tzeentch_8	VAR_CHANCE	100	default
194910	sm0_rd_wh3_main_sc_tze_tzeentch_8	GEN_TARGET_NONE		default
194911	sm0_rd_wh_dlc03_sc_bst_beastmen_8	VAR_CHANCE	100	default
194912	sm0_rd_wh_dlc03_sc_bst_beastmen_8	GEN_TARGET_NONE		default
194913	sm0_rd_wh_dlc05_sc_wef_wood_elves_8	VAR_CHANCE	100	default
194914	sm0_rd_wh_dlc05_sc_wef_wood_elves_8	GEN_TARGET_NONE		default
194915	sm0_rd_wh_dlc08_sc_nor_norsca_8	VAR_CHANCE	100	default
194916	sm0_rd_wh_dlc08_sc_nor_norsca_8	GEN_TARGET_NONE		default
194917	sm0_rd_wh_main_sc_brt_bretonnia_8	VAR_CHANCE	100	default
194918	sm0_rd_wh_main_sc_brt_bretonnia_8	GEN_TARGET_NONE		default
194919	sm0_rd_wh_main_sc_chs_chaos_8	VAR_CHANCE	100	default
194920	sm0_rd_wh_main_sc_chs_chaos_8	GEN_TARGET_NONE		default
194921	sm0_rd_wh_main_sc_dwf_dwarfs_8	VAR_CHANCE	100	default
194922	sm0_rd_wh_main_sc_dwf_dwarfs_8	GEN_TARGET_NONE		default
194923	sm0_rd_wh_main_sc_emp_empire_8	VAR_CHANCE	100	default
194924	sm0_rd_wh_main_sc_emp_empire_8	GEN_TARGET_NONE		default
194925	sm0_rd_wh_main_sc_grn_greenskins_8	VAR_CHANCE	100	default
194926	sm0_rd_wh_main_sc_grn_greenskins_8	GEN_TARGET_NONE		default
194927	sm0_rd_wh_main_sc_grn_savage_orcs_8	VAR_CHANCE	100	default
194928	sm0_rd_wh_main_sc_grn_savage_orcs_8	GEN_TARGET_NONE		default
194929	sm0_rd_wh_main_sc_teb_teb_8	VAR_CHANCE	100	default
194930	sm0_rd_wh_main_sc_teb_teb_8	GEN_TARGET_NONE		default
194931	sm0_rd_wh_main_sc_vmp_vampire_counts_8	VAR_CHANCE	100	default
194932	sm0_rd_wh_main_sc_vmp_vampire_counts_8	GEN_TARGET_NONE		default
194933	sm0_rd_wh2_dlc09_sc_tmb_tomb_kings_9	VAR_CHANCE	100	default
194934	sm0_rd_wh2_dlc09_sc_tmb_tomb_kings_9	GEN_TARGET_NONE		default
194935	sm0_rd_wh2_dlc11_sc_cst_vampire_coast_9	VAR_CHANCE	100	default
194936	sm0_rd_wh2_dlc11_sc_cst_vampire_coast_9	GEN_TARGET_NONE		default
194937	sm0_rd_wh2_main_rogue_9	VAR_CHANCE	100	default
194938	sm0_rd_wh2_main_rogue_9	GEN_TARGET_NONE		default
194939	sm0_rd_wh2_main_rogue_chaos_9	VAR_CHANCE	100	default
194940	sm0_rd_wh2_main_rogue_chaos_9	GEN_TARGET_NONE		default
194941	sm0_rd_wh2_main_sc_def_dark_elves_9	VAR_CHANCE	100	default
194942	sm0_rd_wh2_main_sc_def_dark_elves_9	GEN_TARGET_NONE		default
194943	sm0_rd_wh2_main_sc_hef_high_elves_9	VAR_CHANCE	100	default
194944	sm0_rd_wh2_main_sc_hef_high_elves_9	GEN_TARGET_NONE		default
194945	sm0_rd_wh2_main_sc_lzd_lizardmen_9	VAR_CHANCE	100	default
194946	sm0_rd_wh2_main_sc_lzd_lizardmen_9	GEN_TARGET_NONE		default
194947	sm0_rd_wh2_main_sc_skv_skaven_9	VAR_CHANCE	100	default
194948	sm0_rd_wh2_main_sc_skv_skaven_9	GEN_TARGET_NONE		default
194949	sm0_rd_wh3_main_sc_cth_cathay_9	VAR_CHANCE	100	default
194950	sm0_rd_wh3_main_sc_cth_cathay_9	GEN_TARGET_NONE		default
194951	sm0_rd_wh3_main_sc_dae_daemons_9	VAR_CHANCE	100	default
194952	sm0_rd_wh3_main_sc_dae_daemons_9	GEN_TARGET_NONE		default
194953	sm0_rd_wh3_main_sc_kho_khorne_9	VAR_CHANCE	100	default
194954	sm0_rd_wh3_main_sc_kho_khorne_9	GEN_TARGET_NONE		default
194955	sm0_rd_wh3_main_sc_ksl_kislev_9	VAR_CHANCE	100	default
194956	sm0_rd_wh3_main_sc_ksl_kislev_9	GEN_TARGET_NONE		default
194957	sm0_rd_wh3_main_sc_nur_nurgle_9	VAR_CHANCE	100	default
194958	sm0_rd_wh3_main_sc_nur_nurgle_9	GEN_TARGET_NONE		default
194959	sm0_rd_wh3_main_sc_ogr_ogre_kingdoms_9	VAR_CHANCE	100	default
194960	sm0_rd_wh3_main_sc_ogr_ogre_kingdoms_9	GEN_TARGET_NONE		default
194961	sm0_rd_wh3_main_sc_sla_slaanesh_9	VAR_CHANCE	100	default
194962	sm0_rd_wh3_main_sc_sla_slaanesh_9	GEN_TARGET_NONE		default
194963	sm0_rd_wh3_main_sc_tze_tzeentch_9	VAR_CHANCE	100	default
194964	sm0_rd_wh3_main_sc_tze_tzeentch_9	GEN_TARGET_NONE		default
194965	sm0_rd_wh_dlc03_sc_bst_beastmen_9	VAR_CHANCE	100	default
194966	sm0_rd_wh_dlc03_sc_bst_beastmen_9	GEN_TARGET_NONE		default
194967	sm0_rd_wh_dlc05_sc_wef_wood_elves_9	VAR_CHANCE	100	default
194968	sm0_rd_wh_dlc05_sc_wef_wood_elves_9	GEN_TARGET_NONE		default
194969	sm0_rd_wh_dlc08_sc_nor_norsca_9	VAR_CHANCE	100	default
194970	sm0_rd_wh_dlc08_sc_nor_norsca_9	GEN_TARGET_NONE		default
194971	sm0_rd_wh_main_sc_brt_bretonnia_9	VAR_CHANCE	100	default
194972	sm0_rd_wh_main_sc_brt_bretonnia_9	GEN_TARGET_NONE		default
194973	sm0_rd_wh_main_sc_chs_chaos_9	VAR_CHANCE	100	default
194974	sm0_rd_wh_main_sc_chs_chaos_9	GEN_TARGET_NONE		default
194975	sm0_rd_wh_main_sc_dwf_dwarfs_9	VAR_CHANCE	100	default
194976	sm0_rd_wh_main_sc_dwf_dwarfs_9	GEN_TARGET_NONE		default
194977	sm0_rd_wh_main_sc_emp_empire_9	VAR_CHANCE	100	default
194978	sm0_rd_wh_main_sc_emp_empire_9	GEN_TARGET_NONE		default
194979	sm0_rd_wh_main_sc_grn_greenskins_9	VAR_CHANCE	100	default
194980	sm0_rd_wh_main_sc_grn_greenskins_9	GEN_TARGET_NONE		default
194981	sm0_rd_wh_main_sc_grn_savage_orcs_9	VAR_CHANCE	100	default
194982	sm0_rd_wh_main_sc_grn_savage_orcs_9	GEN_TARGET_NONE		default
194983	sm0_rd_wh_main_sc_teb_teb_9	VAR_CHANCE	100	default
194984	sm0_rd_wh_main_sc_teb_teb_9	GEN_TARGET_NONE		default
194985	sm0_rd_wh_main_sc_vmp_vampire_counts_9	VAR_CHANCE	100	default
194986	sm0_rd_wh_main_sc_vmp_vampire_counts_9	GEN_TARGET_NONE		default
194987	sm0_rd_wh2_dlc09_sc_tmb_tomb_kings_10	VAR_CHANCE	100	default
194988	sm0_rd_wh2_dlc09_sc_tmb_tomb_kings_10	GEN_TARGET_NONE		default
194989	sm0_rd_wh2_dlc11_sc_cst_vampire_coast_10	VAR_CHANCE	100	default
194990	sm0_rd_wh2_dlc11_sc_cst_vampire_coast_10	GEN_TARGET_NONE		default
194991	sm0_rd_wh2_main_rogue_10	VAR_CHANCE	100	default
194992	sm0_rd_wh2_main_rogue_10	GEN_TARGET_NONE		default
194993	sm0_rd_wh2_main_rogue_chaos_10	VAR_CHANCE	100	default
194994	sm0_rd_wh2_main_rogue_chaos_10	GEN_TARGET_NONE		default
194995	sm0_rd_wh2_main_sc_def_dark_elves_10	VAR_CHANCE	100	default
194996	sm0_rd_wh2_main_sc_def_dark_elves_10	GEN_TARGET_NONE		default
194997	sm0_rd_wh2_main_sc_hef_high_elves_10	VAR_CHANCE	100	default
194998	sm0_rd_wh2_main_sc_hef_high_elves_10	GEN_TARGET_NONE		default
194999	sm0_rd_wh2_main_sc_lzd_lizardmen_10	VAR_CHANCE	100	default
195000	sm0_rd_wh2_main_sc_lzd_lizardmen_10	GEN_TARGET_NONE		default
195001	sm0_rd_wh2_main_sc_skv_skaven_10	VAR_CHANCE	100	default
195002	sm0_rd_wh2_main_sc_skv_skaven_10	GEN_TARGET_NONE		default
195003	sm0_rd_wh3_main_sc_cth_cathay_10	VAR_CHANCE	100	default
195004	sm0_rd_wh3_main_sc_cth_cathay_10	GEN_TARGET_NONE		default
195005	sm0_rd_wh3_main_sc_dae_daemons_10	VAR_CHANCE	100	default
195006	sm0_rd_wh3_main_sc_dae_daemons_10	GEN_TARGET_NONE		default
195007	sm0_rd_wh3_main_sc_kho_khorne_10	VAR_CHANCE	100	default
195008	sm0_rd_wh3_main_sc_kho_khorne_10	GEN_TARGET_NONE		default
195009	sm0_rd_wh3_main_sc_ksl_kislev_10	VAR_CHANCE	100	default
195010	sm0_rd_wh3_main_sc_ksl_kislev_10	GEN_TARGET_NONE		default
195011	sm0_rd_wh3_main_sc_nur_nurgle_10	VAR_CHANCE	100	default
195012	sm0_rd_wh3_main_sc_nur_nurgle_10	GEN_TARGET_NONE		default
195013	sm0_rd_wh3_main_sc_ogr_ogre_kingdoms_10	VAR_CHANCE	100	default
195014	sm0_rd_wh3_main_sc_ogr_ogre_kingdoms_10	GEN_TARGET_NONE		default
195015	sm0_rd_wh3_main_sc_sla_slaanesh_10	VAR_CHANCE	100	default
195016	sm0_rd_wh3_main_sc_sla_slaanesh_10	GEN_TARGET_NONE		default
195017	sm0_rd_wh3_main_sc_tze_tzeentch_10	VAR_CHANCE	100	default
195018	sm0_rd_wh3_main_sc_tze_tzeentch_10	GEN_TARGET_NONE		default
195019	sm0_rd_wh_dlc03_sc_bst_beastmen_10	VAR_CHANCE	100	default
195020	sm0_rd_wh_dlc03_sc_bst_beastmen_10	GEN_TARGET_NONE		default
195021	sm0_rd_wh_dlc05_sc_wef_wood_elves_10	VAR_CHANCE	100	default
195022	sm0_rd_wh_dlc05_sc_wef_wood_elves_10	GEN_TARGET_NONE		default
195023	sm0_rd_wh_dlc08_sc_nor_norsca_10	VAR_CHANCE	100	default
195024	sm0_rd_wh_dlc08_sc_nor_norsca_10	GEN_TARGET_NONE		default
195025	sm0_rd_wh_main_sc_brt_bretonnia_10	VAR_CHANCE	100	default
195026	sm0_rd_wh_main_sc_brt_bretonnia_10	GEN_TARGET_NONE		default
195027	sm0_rd_wh_main_sc_chs_chaos_10	VAR_CHANCE	100	default
195028	sm0_rd_wh_main_sc_chs_chaos_10	GEN_TARGET_NONE		default
195029	sm0_rd_wh_main_sc_dwf_dwarfs_10	VAR_CHANCE	100	default
195030	sm0_rd_wh_main_sc_dwf_dwarfs_10	GEN_TARGET_NONE		default
195031	sm0_rd_wh_main_sc_emp_empire_10	VAR_CHANCE	100	default
195032	sm0_rd_wh_main_sc_emp_empire_10	GEN_TARGET_NONE		default
195033	sm0_rd_wh_main_sc_grn_greenskins_10	VAR_CHANCE	100	default
195034	sm0_rd_wh_main_sc_grn_greenskins_10	GEN_TARGET_NONE		default
195035	sm0_rd_wh_main_sc_grn_savage_orcs_10	VAR_CHANCE	100	default
195036	sm0_rd_wh_main_sc_grn_savage_orcs_10	GEN_TARGET_NONE		default
195037	sm0_rd_wh_main_sc_teb_teb_10	VAR_CHANCE	100	default
195038	sm0_rd_wh_main_sc_teb_teb_10	GEN_TARGET_NONE		default
195039	sm0_rd_wh_main_sc_vmp_vampire_counts_10	VAR_CHANCE	100	default
195040	sm0_rd_wh_main_sc_vmp_vampire_counts_10	GEN_TARGET_NONE		default
